sample,group,strain,Oxidation,Genome_Name_spaced,Genome_Name_Updated,Genome_Size,GC_genome,Genome_Reference,taxon_oid,Domain,Phylum,Class,Order,Family,Genus,Species,Strain,IMG_Genome_ID_,NCBI_Taxon_ID,Culture_Type,Cultured,Ecosystem,Ecosystem_Category,Ecosystem_Subtype,Ecosystem_Type,Energy_Source,Geographic_Location,habitat_metadata,Habitat,Habitat_standard,Ref_manual_habitat,Metabolism,Motility,Temperature_Range,Gene_Count,CDS_Count,RNA_Count,16S_rRNA_Count,tRNA_Count,Status,Study_Name,Sequencing_Center
Isolated,Ia,Methylobacter_luteus_IMV-B-3098,Methane,Methylobacter luteus IMV-B-3098,Methylobacter_luteus_IMV-B-3098,5029135,0.51,"Hamilton, R., Kits, K. D., Ramonovskaya, V. A., Rozova, O. N., Yurimoto, H., Iguchi, H., ... & Knief, C. (2015). Draft genomes of gammaproteobacterial methanotrophs isolated from terrestrial ecosystems. Genome announcements, 3(3).",2517287033,Bacteria,Proteobacteria,Gammaproteobacteria,Methylococcales,Methylococcaceae,Methylobacter,Methylobacter luteus,IMV-B-3098,2517287033,1095552,Isolate,Yes,,,,,,,manual,"meadows, dry hay, cow mouth samples",Diverse,"Hamilton, R., Kits, K. D., Ramonovskaya, V. A., Rozova, O. N., Yurimoto, H., Iguchi, H., ... & Knief, C. (2015). Draft genomes of gammaproteobacterial methanotrophs isolated from terrestrial ecosystems. Genome announcements, 3(3).",,,,4675,4595,80,3,49,Permanent Draft,Revising methanotrophy: a comprehensive genomic probing of the unexpected genetic and metabolic diversity of aerobic methane consuming bacteria.,DOE Joint Genome Institute (JGI)
Isolated,Ia,Methylobacter_marinus_A45,Methane,Methylobacter marinus A45,Methylobacter_marinus_A45,4988792,0.53,"Flynn, J. D., Hirayama, H., Sakai, Y., Dunfield, P. F., Klotz, M. G., Knief, C., ... & Murrell, J. C. (2016). Draft genome sequences of gammaproteobacterial methanotrophs isolated from marine ecosystems. Genome announcements, 4(1), e01629-15.",2517287034,Bacteria,Proteobacteria,Gammaproteobacteria,Methylococcales,Methylococcaceae,Methylobacter,Methylobacter marinus,A45,2517287034,674036,Isolate,Yes,,,,,Methylotroph,,manual,Seawater sediment,Marine,"Knief, C. (2015). Diversity and habitat preferences of cultivated and uncultivated aerobic methanotrophic bacteria evaluated based on pmoA as molecular marker. Frontiers in microbiology, 6, 1346.",,Motile,Mesophile,4610,4523,87,3,50,Permanent Draft,Whole Genome Sequencing of Methanotrophic Bacteria from Diverse Environments,DOE Joint Genome Institute (JGI)
Isolated,Ia,Methylobacter_sp._BBA5.1,Methane,Methylobacter sp. BBA5.1,Methylobacter_sp._BBA5.1,5074273,0.52,"Flynn, J. D., Hirayama, H., Sakai, Y., Dunfield, P. F., Klotz, M. G., Knief, C., ... & Murrell, J. C. (2016). Draft genome sequences of gammaproteobacterial methanotrophs isolated from marine ecosystems. Genome announcements, 4(1), e01629-15.",2579779162,Bacteria,Proteobacteria,Gammaproteobacteria,Methylococcales,Methylococcaceae,Methylobacter,Methylobacter sp. BBA5.1,BBA5.1,2579779162,1495064,Isolate,Yes,,,,,,,manual,surface layer of estuary sediment,Marine,"Flynn, J. D., Hirayama, H., Sakai, Y., Dunfield, P. F., Klotz, M. G., Knief, C., ... & Murrell, J. C. (2016). Draft genome sequences of gammaproteobacterial methanotrophs isolated from marine ecosystems. Genome announcements, 4(1), e01629-15.",,,,4644,4573,71,2,43,Permanent Draft,Revising methanotrophy: a comprehensive genomic probing of the unexpected genetic and metabolic diversity of aerobic methane consuming bacteria.,DOE Joint Genome Institute (JGI)
Isolated,Ia,Methylobacter_tundripaludum_31-32,Methane,Methylobacter tundripaludum 31/32,Methylobacter_tundripaludum_31-32,5047546,0.49,"Kalyuzhnaya, M. G., Lamb, A. E., McTaggart, T. L., Oshkin, I. Y., Shapiro, N., Woyke, T., & Chistoserdova, L. (2015). Draft genome sequences of gammaproteobacterial methanotrophs isolated from Lake Washington sediment. Genome announcements, 3(2), e00103-15.",2574179704,Bacteria,Proteobacteria,Gammaproteobacteria,Methylococcales,Methylococcaceae,Methylobacter,Methylobacter tundripaludum,31/32,2574179704,1408451,Isolate,Yes,Environmental,Aquatic,Lentic,Freshwater,,,manual,sediment of Lake Washington,Freshwater,"Kalyuzhnaya, M. G., Lamb, A. E., McTaggart, T. L., Oshkin, I. Y., Shapiro, N., Woyke, T., & Chistoserdova, L. (2015). Draft genome sequences of gammaproteobacterial methanotrophs isolated from Lake Washington sediment. Genome announcements, 3(2), e00103-15.",,,,4669,4604,65,3,45,Permanent Draft,Genomes of fifty methylotrophs isolated from Lake Washington,DOE Joint Genome Institute (JGI)
Isolated,Ia,Methylobacter_tundripaludum_SV96,Methane,Methylobacter tundripaludum SV96,Methylobacter_tundripaludum_SV96,4978193,0.49,"Svenning, M. M., Hestnes, A. G., Wartiainen, I., Stein, L. Y., Klotz, M. G., Kalyuzhnaya, M. G., ... & Médigue, C. (2011). Genome sequence of the Arctic methanotroph Methylobacter tundripaludum SV96. Journal of bacteriology, 193(22), 6418-6419.",648276688,Bacteria,Proteobacteria,Gammaproteobacteria,Methylococcales,Methylococcaceae,Methylobacter,Methylobacter tundripaludum,SV96,648276688,697282,Isolate,Yes,Environmental,Terrestrial,Unclassified,Soil,Methylotroph,"near Ny-Alesund, Svalbard, Norway",JGI/IMG,"Soil, Wetland",Freshwater,JGI,,Nonmotile,Mesophile,4653,4608,45,1,41,Permanent Draft,Whole Genome Sequencing of Methanotrophic Bacteria from Diverse Environments,DOE Joint Genome Institute (JGI)
Isolated,Ia,Methylobacter_whittenburyi_ACM_3310,Methane,Methylobacter whittenburyi ACM 3310,Methylobacter_whittenburyi_UCM-B-3033,5440158,0.52,"Hamilton, R., Kits, K. D., Ramonovskaya, V. A., Rozova, O. N., Yurimoto, H., Iguchi, H., ... & Knief, C. (2015). Draft genomes of gammaproteobacterial methanotrophs isolated from terrestrial ecosystems. Genome announcements, 3(3).",2582581870,Bacteria,Proteobacteria,Gammaproteobacteria,Methylococcales,Methylococcaceae,Methylobacter,Methylobacter whittenburyi,ACM 3310,2582581870,39770,Isolate,Yes,,,,,,,manual,sediment samples from wetlands,Freshwater,"Hamilton, R., Kits, K. D., Ramonovskaya, V. A., Rozova, O. N., Yurimoto, H., Iguchi, H., ... & Knief, C. (2015). Draft genomes of gammaproteobacterial methanotrophs isolated from terrestrial ecosystems. Genome announcements, 3(3).",,,,5054,4949,105,5,56,Permanent Draft,Revising methanotrophy: a comprehensive genomic probing of the unexpected genetic and metabolic diversity of aerobic methane consuming bacteria.,DOE Joint Genome Institute (JGI)
Isolated,Ia,Methylococcaceae_bacterium_Sn10-6,Methane,Methylococcaceae bacterium Sn10-6,Methylococcaceae_bacterium_Sn10-6,4575426,0.44,"Rahalkar, M. C., Pandit, P. S., Dhakephalkar, P. K., Pore, S., Arora, P., & Kapse, N. (2016). Genome characteristics of a novel Type I methanotroph (Sn10-6) isolated from a flooded Indian rice field. Microbial ecology, 71(3), 519-523.",2648501810,Bacteria,Proteobacteria,Gammaproteobacteria,Methylococcales,Methylococcaceae,unclassified,Methylococcaceae bacterium Sn10-6,Sn10-6,2648501810,1632867,Isolate,Yes,,,,,,,manual,Flooded Indian Rice Field,Soil,"Rahalkar, M. C., Pandit, P. S., Dhakephalkar, P. K., Pore, S., Arora, P., & Kapse, N. (2016). Genome characteristics of a novel Type I methanotroph (Sn10-6) isolated from a flooded Indian rice field. Microbial ecology, 71(3), 519-523.",,,,5580,5516,64,2,44,Permanent Draft,Methylococcaceae bacterium Sn10-6 Genome sequencing,Agharkar Research Institute
Isolated,Ia,Methyloglobulus_morosus_KoM1,Methane,Methyloglobulus morosus KoM1,Methyloglobulus_morosus_KoM1,4142568,0.47,"Poehlein, A., Deutzmann, J. S., Daniel, R., & Simeonova, D. D. (2013). Draft genome sequence of the methanotrophic Gammaproteobacterium Methyloglobulus morosus DSM 22980 strain KoM1. Genome announcements, 1(6), e01078-13.",2528768019,Bacteria,Proteobacteria,Gammaproteobacteria,Methylococcales,Methylococcaceae,Methyloglobulus,Methyloglobulus morosus,KoM1,2528768019,1116472,Isolate,Yes,Environmental,Aquatic,Lentic,Freshwater,Methanotroph,Lake Constance,JGI/IMG,Fresh water,Freshwater,,,Nonmotile,Psychrotolerant,3946,3886,60,0,37,Permanent Draft,MKO,Goettingen Genomics Laboratory
Isolated,Ia,Methylomarinum_vadi_IT-4,Methane,Methylomarinum vadi IT-4,Methylomarinum_vadi_IT-4,4335162,0.51,"Flynn, J. D., Hirayama, H., Sakai, Y., Dunfield, P. F., Klotz, M. G., Knief, C., ... & Murrell, J. C. (2016). Draft genome sequences of gammaproteobacterial methanotrophs isolated from marine ecosystems. Genome announcements, 4(1), e01629-15.",2574179779,Bacteria,Proteobacteria,Gammaproteobacteria,Methylococcales,Methylococcaceae,Methylomarinum,Methylomarinum vadi,IT-4,2574179779,438855,Isolate,Yes,,,,,,"Taketomi Island, Okinawa, Japan",JGI/IMG,Hydrothermal sediment,Marine,,,,,4054,3979,75,3,48,Permanent Draft,Revising methanotrophy: a comprehensive genomic probing of the unexpected genetic and metabolic diversity of aerobic methane consuming bacteria.,DOE Joint Genome Institute (JGI)
Isolated,Ia,Methylomicrobium_agile_A30,Methane,Methylomicrobium agile A30,Methylomicrobium_agile_A30,4526071,0.56,"Hamilton, R., Kits, K. D., Ramonovskaya, V. A., Rozova, O. N., Yurimoto, H., Iguchi, H., ... & Knief, C. (2015). Draft genomes of gammaproteobacterial methanotrophs isolated from terrestrial ecosystems. Genome announcements, 3(3).",2574179740,Bacteria,Proteobacteria,Gammaproteobacteria,Methylococcales,Methylococcaceae,Methylomicrobium,Methylomicrobium agile,ATCC 35068,2574179740,39774,Isolate,Yes,Engineered,Lab synthesis,Unclassified,Unclassified,,,manual,sediment samples from wetlands,Freshwater,"Hamilton, R., Kits, K. D., Ramonovskaya, V. A., Rozova, O. N., Yurimoto, H., Iguchi, H., ... & Knief, C. (2015). Draft genomes of gammaproteobacterial methanotrophs isolated from terrestrial ecosystems. Genome announcements, 3(3).",Methane oxidation,Motile,Mesophile,4099,4018,81,3,50,Permanent Draft,Revising methanotrophy: a comprehensive genomic probing of the unexpected genetic and metabolic diversity of aerobic methane consuming bacteria.,DOE Joint Genome Institute (JGI)
Isolated,Ia,Methylomicrobium_album_BG8,Methane,Methylomicrobium album BG8,Methylomicrobium_album_BG8,4493444,0.56,"Kits, K. D., Kalyuzhnaya, M. G., Klotz, M. G., Jetten, M. S., den Camp, H. J. O., Vuilleumier, S., ... & Cheng, J. F. (2013). Genome sequence of the obligate gammaproteobacterial methanotroph Methylomicrobium album strain BG8. Genome announcements, 1(2), e00170-13.",2508501010,Bacteria,Proteobacteria,Gammaproteobacteria,Methylococcales,Methylococcaceae,Methylomicrobium,Methylomicrobium album,BG8,2508501010,686340,Isolate,Yes,Environmental,Aquatic,Unclassified,Freshwater,Methanotroph,,JGI/IMG,"Aquatic, Soil",Freshwater,,"Hydrocarbon degrading, Methane oxidation",Motile,Mesophile,4040,3984,56,2,42,Permanent Draft,"CSP_786864, Methanotrophic Bacteria",DOE Joint Genome Institute (JGI)
Isolated,Ia,Methylomicrobium_alcaliphilum_20Z,Methane,Methylomicrobium alcaliphilum 20Z,Methylomicrobium_alcaliphilum_20Z,4668296,0.49,"Vuilleumier, S., Khmelenina, V. N., Bringel, F., Reshetnikov, A. S., Lajus, A., Mangenot, S., ... & Dunfield, P. (2012). Genome sequence of the haloalkaliphilic methanotrophic bacterium Methylomicrobium alcaliphilum 20Z. Journal of bacteriology, 194(2), 551-552.",2540341096,Bacteria,Proteobacteria,Gammaproteobacteria,Methylococcales,Methylococcaceae,Methylomicrobium,Methylomicrobium alcaliphilum,20Z,2540341096,1091494,Isolate,Yes,Environmental,Aquatic,Alkaline,Non-marine Saline and Alkaline,,"Russia, Siberia, Tuva",JGI/IMG,Soda lake,Freshwater,"Knief, C. (2015). Diversity and habitat preferences of cultivated and uncultivated aerobic methanotrophic bacteria evaluated based on pmoA as molecular marker. Frontiers in microbiology, 6, 1346.",,,,4083,4007,76,3,44,Finished,Methylomicrobium alcaliphilum 20Z,CEA Genoscope
Isolated,Ia,Methylomicrobium_buryatense_5G,Methane,Methylomicrobium buryatense 5G,Methylomicrobium_buryatense_5G,5067278,0.49,"Khmelenina, V. N., Beck, D. A., Munk, C., Davenport, K., Daligault, H., Erkkila, T., ... & Teshima, H. (2013). Draft genome sequence of Methylomicrobium buryatense Strain 5G, a haloalkaline-tolerant methanotrophic bacterium. Genome announcements, 1(4), e00053-13.",2516653075,Bacteria,Proteobacteria,Gammaproteobacteria,Methylococcales,Methylococcaceae,Methylomicrobium,Methylomicrobium buryatense,5G,2516653075,675511,Isolate,Yes,,,,,Methanotroph,,JGI/IMG,Soda lake,Freshwater,"Knief, C. (2015). Diversity and habitat preferences of cultivated and uncultivated aerobic methanotrophic bacteria evaluated based on pmoA as molecular marker. Frontiers in microbiology, 6, 1346.","Hydrocarbon degrading, Methane oxidation",,Mesophile,4530,4458,72,3,44,Permanent Draft,Whole Genome Sequencing of Methanotrophic Bacteria from Diverse Environments,DOE Joint Genome Institute (JGI)
Isolated,Ia,Methylomonas_denitrificans_FJG1,Methane,Methylomonas denitrificans FJG1 (ver 1),Methylomonas_denitrificans_FJG1,5010794,0.52,"Kits, K. D., Klotz, M. G., & Stein, L. Y. (2015). Methane oxidation coupled to nitrate reduction under hypoxia by the Gammaproteobacterium Methylomonas denitrificans, sp. nov. type strain FJG1. Environmental microbiology, 17(9), 3219-3232.",2599185159,Bacteria,Proteobacteria,Gammaproteobacteria,Methylococcales,Methylococcaceae,Methylomonas,Methylomonas denitrificans,FJG1,2599185159,1538553,Isolate,Yes,Environmental,Unclassified,Unclassified,Unclassified,,N.A,manual,Soil,Soil,"Knief, C. (2015). Diversity and habitat preferences of cultivated and uncultivated aerobic methanotrophic bacteria evaluated based on pmoA as molecular marker. Frontiers in microbiology, 6, 1346.",,,,4693,4646,47,1,42,Permanent Draft,Methylomonas denitrificans FJG1,University of Alberta
Isolated,Ia,Methylomonas_koyamae_JCM_16701,Methane,Methylomonas koyamae JCM 16701,Methylomonas_koyamae_JCM_16701,4925972,0.56,"* Ogiso, T., Ueno, C., Dianou, D., Van Huy, T., Katayama, A., Kimura, M., & Asakawa, S. (2012). Methylomonas koyamae sp. nov., a type I methane-oxidizing bacterium from floodwater of a rice paddy field. International journal of systematic and evolutionary microbiology, 62(8), 1832-1837.",2728369704,Bacteria,Proteobacteria,Gammaproteobacteria,Methylococcales,Methylococcaceae,Methylomonas,Methylomonas koyamae,JCM 16701,2728369704,1294261,Isolate,Yes,,,,,,,manual,Rice paddy,Soil,"Knief, C. (2015). Diversity and habitat preferences of cultivated and uncultivated aerobic methanotrophic bacteria evaluated based on pmoA as molecular marker. Frontiers in microbiology, 6, 1346.",,,,6170,6113,57,1,43,Permanent Draft,Genome sequencing of Methylomonas koyamae JCM 16701,University of Tokyo
Isolated,Ia,Methylomonas_lenta_R-45370,Methane,Methylomonas lenta R-45370,Methylomonas_lenta_R-45370,4703858,0.47,"Heylen, K., De Vos, P., & Vekeman, B. (2016). Draft genome sequences of eight obligate methane oxidizers occupying distinct niches based on their nitrogen metabolism. Genome announcements, 4(4), e00421-16.",2744054733,Bacteria,Proteobacteria,Gammaproteobacteria,Methylococcales,Methylococcaceae,Methylomonas,Methylomonas lenta,R-45370,2744054733,980561,Isolate,Yes,,,,,,Belgium: Ghent,manual,Manure,Soil,"Knief, C. (2015). Diversity and habitat preferences of cultivated and uncultivated aerobic methanotrophic bacteria evaluated based on pmoA as molecular marker. Frontiers in microbiology, 6, 1346.",,,,4468,4408,60,1,40,Permanent Draft,Methylomonas genome sequencing - Ghent University,Ghent University
Isolated,Ia,Methylomonas_methanica_MC09,Methane,Methylomonas methanica MC09,Methylomonas_methanica_MC09,5051681,0.51,"Boden, R., Cunliffe, M., Scanlan, J., Moussard, H., Kits, K. D., Klotz, M. G., ... & Mikhailova, N. (2011). Complete genome sequence of the aerobic marine methanotroph Methylomonas methanica MC09. Journal of bacteriology, 193(24), 7001-7002.",2504756059,Bacteria,Proteobacteria,Gammaproteobacteria,Methylococcales,Methylococcaceae,Methylomonas,Methylomonas methanica,MC09,2504756059,857087,Isolate,Yes,Environmental,Aquatic,Unclassified,Marine,,ristol Channel just outside of Penarth in the UK which is a large estuary leading to the Irish Sea.,JGI/IMG,coastal seawater,Marine,"Boden, R., Cunliffe, M., Scanlan, J., Moussard, H., Kits, K. D., Klotz, M. G., ... & Mikhailova, N. (2011). Complete genome sequence of the aerobic marine methanotroph Methylomonas methanica MC09. Journal of bacteriology, 193(24), 7001-7002.",,,Mesophile,4664,4594,70,3,46,Finished,Whole Genome Sequencing of Methanotrophic Bacteria from Diverse Environments,DOE Joint Genome Institute (JGI)
Isolated,Ia,Methylomonas_sp._11b,Methane,Methylomonas sp. 11b,Methylomonas_sp._11b,5412720,0.51,"Kalyuzhnaya, M. G., Lamb, A. E., McTaggart, T. L., Oshkin, I. Y., Shapiro, N., Woyke, T., & Chistoserdova, L. (2015). Draft genome sequences of gammaproteobacterial methanotrophs isolated from Lake Washington sediment. Genome announcements, 3(2), e00103-15.",2516143012,Bacteria,Proteobacteria,Gammaproteobacteria,Methylococcales,Methylococcaceae,Methylomonas,Methylomonas sp. 11b,11b,2516143012,1168169,Isolate,Yes,Environmental,Aquatic,Lentic,Freshwater,,Lake Washington,JGI/IMG,sediment of Lake Washington,Freshwater,"Kalyuzhnaya, M. G., Lamb, A. E., McTaggart, T. L., Oshkin, I. Y., Shapiro, N., Woyke, T., & Chistoserdova, L. (2015). Draft genome sequences of gammaproteobacterial methanotrophs isolated from Lake Washington sediment. Genome announcements, 3(2), e00103-15.",,,,5086,5011,75,3,46,Permanent Draft,Genomes of fifty methylotrophs isolated from Lake Washington,DOE Joint Genome Institute (JGI)
Isolated,Ia,Methylomonas_sp._LW13,Methane,Methylomonas sp. LW13,Methylomonas_sp._LW13,5200804,0.52,"Kalyuzhnaya, M. G., Lamb, A. E., McTaggart, T. L., Oshkin, I. Y., Shapiro, N., Woyke, T., & Chistoserdova, L. (2015). Draft genome sequences of gammaproteobacterial methanotrophs isolated from Lake Washington sediment. Genome announcements, 3(2), e00103-15.",2561511042,Bacteria,Proteobacteria,Gammaproteobacteria,Methylococcales,Methylococcaceae,Methylomonas,Methylomonas sp. LW13,LW13,2561511042,107637,Isolate,Yes,Environmental,Aquatic,Lentic,Freshwater,,,manual,sediment of Lake Washington,Freshwater,"Kalyuzhnaya, M. G., Lamb, A. E., McTaggart, T. L., Oshkin, I. Y., Shapiro, N., Woyke, T., & Chistoserdova, L. (2015). Draft genome sequences of gammaproteobacterial methanotrophs isolated from Lake Washington sediment. Genome announcements, 3(2), e00103-15.",,,,4806,4737,69,2,42,Permanent Draft,Genomes of fifty methylotrophs isolated from Lake Washington,DOE Joint Genome Institute (JGI)
Isolated,Ia,Methylomonas_sp._MK1,Methane,Methylomonas sp. MK1,Methylomonas_sp._MK1,5233591,0.51,"Kalyuzhnaya, M. G., Lamb, A. E., McTaggart, T. L., Oshkin, I. Y., Shapiro, N., Woyke, T., & Chistoserdova, L. (2015). Draft genome sequences of gammaproteobacterial methanotrophs isolated from Lake Washington sediment. Genome announcements, 3(2), e00103-15.",2522125151,Bacteria,Proteobacteria,Gammaproteobacteria,Methylococcales,Methylococcaceae,Methylomonas,Methylomonas sp. MK1,MK1,2522125151,1131552,Isolate,Yes,,,,,,,manual,sediment of Lake Washington,Freshwater,"Kalyuzhnaya, M. G., Lamb, A. E., McTaggart, T. L., Oshkin, I. Y., Shapiro, N., Woyke, T., & Chistoserdova, L. (2015). Draft genome sequences of gammaproteobacterial methanotrophs isolated from Lake Washington sediment. Genome announcements, 3(2), e00103-15.",,,,4851,4781,70,3,47,Permanent Draft,Genomes of fifty methylotrophs isolated from Lake Washington,DOE Joint Genome Institute (JGI)
Isolated,Ia,Methylosarcina_fibrata_AML-C10,Methane,Methylosarcina fibrata AML-C10,Methylosarcina_fibrata_AML-C10,4978464,0.54,"Hamilton, R., Kits, K. D., Ramonovskaya, V. A., Rozova, O. N., Yurimoto, H., Iguchi, H., ... & Knief, C. (2015). Draft genomes of gammaproteobacterial methanotrophs isolated from terrestrial ecosystems. Genome announcements, 3(3).",2517487019,Bacteria,Proteobacteria,Gammaproteobacteria,Methylococcales,Methylococcaceae,Methylosarcina,Methylosarcina fibrata,AML-C10,2517487019,1132443,Isolate,Yes,Engineered,Solid waste,Unclassified,Landfill,,Georgia,JGI/IMG,Landfill cover soil,Soil,"Hamilton, R., Kits, K. D., Ramonovskaya, V. A., Rozova, O. N., Yurimoto, H., Iguchi, H., ... & Knief, C. (2015). Draft genomes of gammaproteobacterial methanotrophs isolated from terrestrial ecosystems. Genome announcements, 3(3).",,,,4448,4385,63,2,47,Permanent Draft,Revising methanotrophy: a comprehensive genomic probing of the unexpected genetic and metabolic diversity of aerobic methane consuming bacteria.,DOE Joint Genome Institute (JGI)
Isolated,Ia,Methylosarcina_lacus_LW14,Methane,Methylosarcina lacus LW14,Methylosarcina_lacus_LW14,4384919,0.55,"Kalyuzhnaya, M. G., Lamb, A. E., McTaggart, T. L., Oshkin, I. Y., Shapiro, N., Woyke, T., & Chistoserdova, L. (2015). Draft genome sequences of gammaproteobacterial methanotrophs isolated from Lake Washington sediment. Genome announcements, 3(2), e00103-15.",2517093044,Bacteria,Proteobacteria,Gammaproteobacteria,Methylococcales,Methylococcaceae,Methylosarcina,Methylosarcina lacus,LW14,2517093044,1114263,Isolate,Yes,Environmental,Aquatic,Lentic,Freshwater,,,JGI/IMG,sediment of Lake Washington,Freshwater,"Kalyuzhnaya, M. G., Lamb, A. E., McTaggart, T. L., Oshkin, I. Y., Shapiro, N., Woyke, T., & Chistoserdova, L. (2015). Draft genome sequences of gammaproteobacterial methanotrophs isolated from Lake Washington sediment. Genome announcements, 3(2), e00103-15.",,,,4047,3975,72,3,53,Permanent Draft,Genomes of fifty methylotrophs isolated from Lake Washington,DOE Joint Genome Institute (JGI)
Isolated,Ia,Methylovulum_miyakonense_HT12,Methane,Methylovulum miyakonense HT12,Methylovulum_miyakonense_HT12,4687143,0.51,"Hamilton, R., Kits, K. D., Ramonovskaya, V. A., Rozova, O. N., Yurimoto, H., Iguchi, H., ... & Knief, C. (2015). Draft genomes of gammaproteobacterial methanotrophs isolated from terrestrial ecosystems. Genome announcements, 3(3).",2516653058,Bacteria,Proteobacteria,Gammaproteobacteria,Methylococcales,Methylococcaceae,Methylovulum,Methylovulum miyakonense,HT12,2516653058,1078846,Isolate,Yes,Environmental,Terrestrial,Unclassified,Soil,Methanotroph,"Hyogo Prefecture, Japan",JGI/IMG,Soil,Soil,,,Motile,Mesophile,4327,4266,61,3,45,Permanent Draft,Revising methanotrophy: a comprehensive genomic probing of the unexpected genetic and metabolic diversity of aerobic methane consuming bacteria.,DOE Joint Genome Institute (JGI)
Isolated,Ib,Methylocaldum_szegediense_O-12,Methane,Methylocaldum szegediense O-12,Methylocaldum_szegediense_O-12,5022295,0.57,*Whole Genome Sequencing of Methanotrophic Bacteria from Diverse Environments,2508501066,Bacteria,Proteobacteria,Gammaproteobacteria,Methylococcales,Methylococcaceae,Methylocaldum,Methylocaldum szegediense,O-12,2508501066,675524,Isolate,Yes,,,,,Methylotroph,,manual,Silage samples,Soil,"Medvedkova, K. A., Khmelenina, V. N., & Trotsenko, Y. A. (2007). Sucrose as a factor of thermal adaptation of the thermophilic methanotroph Methylocaldum szegediense O-12. Microbiology, 76(4), 500-502.",,Motile,Mesophile,4755,4693,62,2,47,Permanent Draft,Whole Genome Sequencing of Methanotrophic Bacteria from Diverse Environments,DOE Joint Genome Institute (JGI)
Isolated,Ib,Methylococcus_capsulatus_Bath,Methane,Methylococcus capsulatus Bath,Methylococcus_capsulatus_Bath,3304561,0.64,"Ward, N., Larsen, Ø., Sakwa, J., Bruseth, L., Khouri, H., Durkin, A. S., ... & Lewis, M. (2004). Genomic insights into methanotrophy: the complete genome sequence of Methylococcus capsulatus (Bath). PLoS biology, 2(10), e303.",637000166,Bacteria,Proteobacteria,Gammaproteobacteria,Methylococcales,Methylococcaceae,Methylococcus,Methylococcus capsulatus,Bath,637000166,243233,Isolate,Yes,Environmental,Aquatic,Sediment,Freshwater,Methanotroph,,JGI/IMG,"Aquatic, Mud",Diverse,,,,Thermophile,3061,3001,60,2,46,Finished,Methylococcus capsulatus Bath,J. Craig Venter Institute (JCVI)
Isolated,Ib,Methylococcus_capsulatus_Texas,Methane,"Methylococcus capsulatus Texas, ATCC 19069",Methylococcus_capsulatus_Texas,3266263,0.64,"Kleiveland, C. R., Hult, L. T. O., Kuczkowska, K., Jacobsen, M., Lea, T., & Pope, P. B. (2012). Draft genome sequence of the methane-oxidizing bacterium Methylococcus capsulatus (Texas). Journal of bacteriology, 194(23), 6626-6626.",2524614767,Bacteria,Proteobacteria,Gammaproteobacteria,Methylococcales,Methylococcaceae,Methylococcus,Methylococcus capsulatus,"Texas, ACM1292",2524614767,1224744,Isolate,Yes,Engineered,Wastewater,Unclassified,Unclassified,Heterotroph,,JGI/IMG,sewer sludge,Synthetic-soil,"Kleiveland, C. R., Hult, L. T. O., Kuczkowska, K., Jacobsen, M., Lea, T., & Pope, P. B. (2012). Draft genome sequence of the methane-oxidizing bacterium Methylococcus capsulatus (Texas). Journal of bacteriology, 194(23), 6626-6626.",,,,3091,3019,72,4,50,Permanent Draft,"Genomic Encyclopedia of Type Strains, Phase I: the one thousand microbial genomes (KMG-I) project",DOE Joint Genome Institute (JGI)
Isolated,Ib,Methylogaea_oryzae_E10,Methane,Methylogaea oryzae JCM 16910,Methylogaea_oryzae_E10,3537041,0.62,"Geymonat, E., Ferrando, L., & Tarlera, S. E. (2011). Methylogaea oryzae gen. nov., sp. nov., a mesophilic methanotroph isolated from a rice paddy field. International journal of systematic and evolutionary microbiology, 61(11), 2568-2572.",2675903437,Bacteria,Proteobacteria,Gammaproteobacteria,Methylococcales,Methylococcaceae,Methylogaea,Methylogaea oryzae,JCM 16910,2675903437,493385,Isolate,Yes,,,,,,,manual,Rice paddy,Soil,,,,,5053,4996,57,1,46,Permanent Draft,Genome sequencing of Methylogaea oryzae JCM 16910,University of Tokyo
Isolated,Ib,Methylomagnum_ishizawai_175,Methane,Methylomagnum ishizawai 175,Methylomagnum_ishizawai_175,5480099,0.63,"Frindte, K., Kalyuzhnaya, M. G., Bringel, F., Dunfield, P. F., Jetten, M. S., Khmelenina, V. N., ... & Semrau, J. D. (2017). Draft Genome Sequences of Two Gammaproteobacterial Methanotrophs Isolated from Rice Ecosystems. Genome Announcements, 5(33), e00526-17.",2593339134,Bacteria,Proteobacteria,Gammaproteobacteria,Methylococcales,Methylococcaceae,Methylomagnum,Methylomagnum ishizawai,175,2593339134,1760988,Isolate,Yes,,,,,,,manual,rice plants,Soil-plant,"Frindte, K., Kalyuzhnaya, M. G., Bringel, F., Dunfield, P. F., Jetten, M. S., Khmelenina, V. N., ... & Semrau, J. D. (2017). Draft genome sequences of two gammaproteobacterial methanotrophs isolated from rice ecosystems. Genome announcements, 5(33), e00526-17.",,,,4872,4806,66,2,51,Permanent Draft,Revising methanotrophy: a comprehensive genomic probing of the unexpected genetic and metabolic diversity of aerobic methane consuming bacteria.,DOE Joint Genome Institute (JGI)
Isolated,Ib,Methyloterricola_oryzae_73a,Methane,Methyloterricola oryzae 73a,Methyloterricola_oryzae_73a,4902375,0.61,"Frindte, K., Kalyuzhnaya, M. G., Bringel, F., Dunfield, P. F., Jetten, M. S., Khmelenina, V. N., ... & Semrau, J. D. (2017). Draft Genome Sequences of Two Gammaproteobacterial Methanotrophs Isolated from Rice Ecosystems. Genome Announcements, 5(33), e00526-17.",2582581277,Bacteria,Proteobacteria,Gammaproteobacteria,Methylococcales,Methylococcaceae,unclassified,Methylococcaceae bacterium 73a,73a,2582581277,1495050,Isolate,Yes,,,,,,,manual,rice plants,Soil-plant,"Frindte, K., Kalyuzhnaya, M. G., Bringel, F., Dunfield, P. F., Jetten, M. S., Khmelenina, V. N., ... & Semrau, J. D. (2017). Draft genome sequences of two gammaproteobacterial methanotrophs isolated from rice ecosystems. Genome announcements, 5(33), e00526-17.",,,,4337,4271,66,3,46,Permanent Draft,Revising methanotrophy: a comprehensive genomic probing of the unexpected genetic and metabolic diversity of aerobic methane consuming bacteria.,DOE Joint Genome Institute (JGI)
Isolated,Ic,Methylohalobius_crimeensis_10Ki,Methane,Methylohalobius crimeensis 10Ki,Methylohalobius_crimeensis_10Ki,3509607,0.58,"Sharp, C. E., Smirnova, A. V., Kalyuzhnaya, M. G., Bringel, F., Hirayama, H., Jetten, M. S., ... & den Camp, H. J. O. (2015). Draft genome sequence of the moderately halophilic methanotroph Methylohalobius crimeensis Strain 10Ki. Genome announcements, 3(3), e00644-15.",2524614657,Bacteria,Proteobacteria,Gammaproteobacteria,Methylococcales,Methylothermaceae,Methylohalobius,Methylohalobius crimeensis,10Ki,2524614657,1283300,Isolate,Yes,Environmental,Aquatic,Hypersaline,Non-marine Saline and Alkaline,,"Lake Kirleutskoe, Ukraine, Crimean Peninsula",JGI/IMG,Hypersaline lake sediment,Freshwater,"Knief, C. (2015). Diversity and habitat preferences of cultivated and uncultivated aerobic methanotrophic bacteria evaluated based on pmoA as molecular marker. Frontiers in microbiology, 6, 1346.",,,,3464,3404,60,2,46,Permanent Draft,Revising methanotrophy: a comprehensive genomic probing of the unexpected genetic and metabolic diversity of aerobic methane consuming bacteria.,DOE Joint Genome Institute (JGI)
Isolated,IIa,Methylocystis_parvus_OBBP,Methane,Methylocystis parvus OBBP,Methylocystis_parvus_OBBP,4475912,0.63,"del Cerro, C., García, J. M., Rojas, A., Tortajada, M., Ramón, D., Galán, B., ... & García, J. L. (2012). Genome sequence of the methanotrophic poly-_-hydroxybutyrate producer Methylocystis parvus OBBP. Journal of bacteriology, 194(20), 5709-5710.",2548876819,Bacteria,Proteobacteria,Alphaproteobacteria,Rhizobiales,Methylocystaceae,Methylocystis,Methylocystis parvus,OBBP,2548876819,1134912,Isolate,Yes,,,,,Methanotroph,,manual,Soil and fresh water sediments,Freshwater,"Knief, C. (2015). Diversity and habitat preferences of cultivated and uncultivated aerobic methanotrophic bacteria evaluated based on pmoA as molecular marker. Frontiers in microbiology, 6, 1346.",Nitrogen fixation,,,4396,4329,67,2,48,Permanent Draft,Methylocystis parvus OBBP,"Institute of Catalysis, The Higher Council for Scientific Research (CSIC)"
Isolated,IIa,Methylocystis_rosea_SV97,Methane,Methylocystis rosea SV97T,Methylocystis_rosea_SV97,3912050,0.62,"*Wartiainen, Ingvild, et al. ""Methylocystis rosea sp. nov., a novel methanotrophic bacterium from Arctic wetland soil, Svalbard, Norway (78 N)."" International journal of systematic and evolutionary microbiology 56.3 (2006): 541-547.",2517287028,Bacteria,Proteobacteria,Alphaproteobacteria,Rhizobiales,Methylocystaceae,Methylocystis,Methylocystis rosea,SV97,2517287028,1132444,Isolate,Yes,,,,,,,manual,Arctic wetland soil,Freshwater,"Knief, C. (2015). Diversity and habitat preferences of cultivated and uncultivated aerobic methanotrophic bacteria evaluated based on pmoA as molecular marker. Frontiers in microbiology, 6, 1346.",,,,3954,3891,63,1,49,Permanent Draft,Revising methanotrophy: a comprehensive genomic probing of the unexpected genetic and metabolic diversity of aerobic methane consuming bacteria.,DOE Joint Genome Institute (JGI)
Isolated,IIa,Methylocystis_sp._ATCC_49242,Methane,"Methylocystis sp. Rockwell, ATCC 49242",Methylocystis_sp._ATCC_49242,4726034,0.63,"Stein, Lisa Y., et al. ""Genome sequence of the methanotrophic Alphaproteobacterium, Methylocystis sp. Rockwell (ATCC 49242)."" Journal of bacteriology (2011).",2517572208,Bacteria,Proteobacteria,Alphaproteobacteria,Rhizobiales,Methylocystaceae,Methylocystis,Methylocystis sp. ATCC 49242,Rockwell,2517572208,622637,Isolate,Yes,Environmental,Aquatic,Unclassified,Unclassified,Methanotroph,"Canoga Park, Califorrnia",JGI/IMG,"Fresh water, Rice paddies, Sewage plant",Diverse,,,,,4734,4648,86,2,59,Permanent Draft,Whole Genome Sequencing of Methanotrophic Bacteria from Diverse Environments,DOE Joint Genome Institute (JGI)
Isolated,IIa,Methylocystis_sp._LW5,Methane,Methylocystis sp. LW5,Methylocystis_sp._LW5,4760983,0.65,*Genomes of fifty methylotrophs isolated from Lake Washington,2563366505,Bacteria,Proteobacteria,Alphaproteobacteria,Rhizobiales,Methylocystaceae,Methylocystis,Methylocystis sp. LW5,LW5,2563366505,107633,Isolate,Yes,Environmental,Aquatic,Lentic,Freshwater,,,JGI/IMG,"Aquatic, Fresh water",Freshwater,,,,,4469,4375,94,3,61,Permanent Draft,Genomes of fifty methylotrophs isolated from Lake Washington,DOE Joint Genome Institute (JGI)
Isolated,IIa,Methylocystis_sp._SB2,Methane,Methylocystis sp. SB2,Methylocystis_sp._SB2,3653670,0.63,"Vorobev, A., Jagadevan, S., Jain, S., Anantharaman, K., Dick, G. J., Vuilleumier, S., & Semrau, J. D. (2014). Genomic and transcriptomic analyses of the facultative methanotroph Methylocystis sp. strain SB2 grown on methane or ethanol. Applied and environmental microbiology, 80(10), 3044-3052.",2517572022,Bacteria,Proteobacteria,Alphaproteobacteria,Rhizobiales,Methylocystaceae,Methylocystis,Methylocystis sp. SB2,SB2,2517572022,743836,Isolate,Yes,Environmental,Aquatic,Wetlands,Freshwater,,,JGI/IMG,Wetland,Freshwater,,,Nonmotile,Mesophile,3657,3583,74,8,46,Permanent Draft,Annotation of genome of Methylocystis strain SB2,University of Michigan
Isolated,IIa,Methylocystis_sp._SC2,Methane,Methylocystis sp. SC2,Methylocystis_sp._SC2,3773444,0.63,"Dam, B., Dam, S., Kube, M., Reinhardt, R., & Liesack, W. (2012). Complete genome sequence of Methylocystis sp. strain SC2, an aerobic methanotroph with high-affinity methane oxidation potential. Journal of bacteriology, 194(21), 6008-6009.",2540341127,Bacteria,Proteobacteria,Alphaproteobacteria,Rhizobiales,Methylocystaceae,Methylocystis,Methylocystis sp. SC2,SC2,2540341127,187303,Isolate,Yes,,,,,,,manual,highly polluted aquifer,Freshwater,"Dam, B., Dam, S., Kube, M., Reinhardt, R., & Liesack, W. (2012). Complete genome sequence of Methylocystis sp. strain SC2, an aerobic methanotroph with high-affinity methane oxidation potential. Journal of bacteriology, 194(21), 6008-6009.",,,,3716,3666,50,1,47,Finished,Methylocystis sp. SC2,Max Planck Institute for Terrestrial Microbiology
Isolated,IIa,Methylosinus_sp._LW3,Methane,Methylosinus sp. LW3,Methylosinus_sp._LW3,5090474,0.65,"Beck, D. A., McTaggart, T. L., Setboonsarng, U., Vorobev, A., Goodwin, L., Shapiro, N., ... & Chistoserdova, L. (2015). Multiphyletic origins of methylotrophy in Alphaproteobacteria, exemplified by comparative genomics of Lake Washington isolates. Environmental microbiology, 17(3), 547-554.",2517093011,Bacteria,Proteobacteria,Alphaproteobacteria,Rhizobiales,Methylocystaceae,Methylosinus,Methylosinus sp. LW3,LW3,2517093011,107635,Isolate,Yes,Environmental,Aquatic,Lentic,Freshwater,,,JGI/IMG,"Aquatic, Fresh water",Freshwater,,,,,4763,4676,87,3,57,Permanent Draft,Genomes of fifty methylotrophs isolated from Lake Washington,DOE Joint Genome Institute (JGI)
Isolated,IIa,Methylosinus_sp._LW4,Methane,Methylosinus sp. LW4,Methylosinus_sp._LW4,4824446,0.65,"Beck, D. A., McTaggart, T. L., Setboonsarng, U., Vorobev, A., Goodwin, L., Shapiro, N., ... & Chistoserdova, L. (2015). Multiphyletic origins of methylotrophy in Alphaproteobacteria, exemplified by comparative genomics of Lake Washington isolates. Environmental microbiology, 17(3), 547-554.",2516493024,Bacteria,Proteobacteria,Alphaproteobacteria,Rhizobiales,Methylocystaceae,Methylosinus,Methylosinus sp. LW4,LW4,2516493024,136993,Isolate,Yes,Environmental,Aquatic,Lentic,Freshwater,,Lake Washington,JGI/IMG,"Aquatic, Fresh water",Freshwater,,,,,4496,4412,84,3,56,Permanent Draft,Genomes of fifty methylotrophs isolated from Lake Washington,DOE Joint Genome Institute (JGI)
Isolated,IIa,Methylosinus_sp._PW1,Methane,Methylosinus sp. PW1,Methylosinus_sp._PW1,5128790,0.65,"Beck, D. A., McTaggart, T. L., Setboonsarng, U., Vorobev, A., Goodwin, L., Shapiro, N., ... & Chistoserdova, L. (2015). Multiphyletic origins of methylotrophy in Alphaproteobacteria, exemplified by comparative genomics of Lake Washington isolates. Environmental microbiology, 17(3), 547-554.",2582581241,Bacteria,Proteobacteria,Alphaproteobacteria,Rhizobiales,Methylocystaceae,Methylosinus,Methylosinus sp. PW1,PW1,2582581241,107636,Isolate,Yes,Environmental,Aquatic,Lentic,Freshwater,,,JGI/IMG,"Aquatic, Fresh water",Freshwater,,,,,4924,4826,98,4,64,Permanent Draft,Genomes of fifty methylotrophs isolated from Lake Washington,DOE Joint Genome Institute (JGI)
Isolated,IIa,Methylosinus_sp._R-45379,Methane,Methylosinus sp. R-45379,Methylosinus_sp._R-45379,4973183,0.64,"Heylen, K., De Vos, P., & Vekeman, B. (2016). Draft genome sequences of eight obligate methane oxidizers occupying distinct niches based on their nitrogen metabolism. Genome announcements, 4(4), e00421-16.",2744054736,Bacteria,Proteobacteria,Alphaproteobacteria,Rhizobiales,Methylocystaceae,Methylosinus,Methylosinus sp. R-45379,R-45379,2744054736,980563,Isolate,Yes,,,,,,Belgium: Ghent,manual,wetland,Freshwater,"Heylen, K., De Vos, P., & Vekeman, B. (2016). Draft genome sequences of eight obligate methane oxidizers occupying distinct niches based on their nitrogen metabolism. Genome announcements, 4(4), e00421-16.",,,,4775,4704,71,1,49,Permanent Draft,Methylomonas genome sequencing - Ghent University,Ghent University
Isolated,IIa,Methylosinus_trichosporium_OB3b,Methane,Methylosinus trichosporium OB3b,Methylosinus_trichosporium_OB3b,4962262,0.66,"Stein, L. Y., Yoon, S., Semrau, J. D., DiSpirito, A. A., Crombie, A., Murrell, J. C., ... & Bruce, D. (2010). Genome sequence of the obligate methanotroph Methylosinus trichosporium strain OB3b. Journal of bacteriology, 192(24), 6497-6498.",2507262027,Bacteria,Proteobacteria,Alphaproteobacteria,Rhizobiales,Methylocystaceae,Methylosinus,Methylosinus trichosporium,OB3b,2507262027,595536,Isolate,Yes,,,,,Methanotroph,Warwick,JGI/IMG,"Soil, fresh water sediments, groundwater",Diverse,"Knief, C. (2015). Diversity and habitat preferences of cultivated and uncultivated aerobic methanotrophic bacteria evaluated based on pmoA as molecular marker. Frontiers in microbiology, 6, 1346.","Methane oxidation, Pollutant degrader, TCE degrader",,Mesophile,4568,4502,66,2,50,Permanent Draft,"CSP_786864, Methanotrophic Bacteria",DOE Joint Genome Institute (JGI)
Isolated,IIb,Methylocapsa_acidiphila_B2,Methane,Methylocapsa acidiphila B2,Methylocapsa_acidiphila_B2,4103433,0.62,"Dedysh, S. N., Khmelenina, V. N., Suzina, N. E., Trotsenko, Y. A., Semrau, J. D., Liesack, W., & Tiedje, J. M. (2002). Methylocapsa acidiphila gen. nov., sp. nov., a novel methane-oxidizing and dinitrogen-fixing acidophilic bacterium from Sphagnum bog. International Journal of Systematic and Evolutionary Microbiology, 52(1), 251-261.",2510065046,Bacteria,Proteobacteria,Alphaproteobacteria,Rhizobiales,Beijerinckiaceae,Methylocapsa,Methylocapsa acidiphila,B2,2510065046,395964,Isolate,Yes,Environmental,Aquatic,Wetlands,Freshwater,Methylotroph,Acidic Sphagnum peat bog,manual,Peat bog,Soil,"Knief, C. (2015). Diversity and habitat preferences of cultivated and uncultivated aerobic methanotrophic bacteria evaluated based on pmoA as molecular marker. Frontiers in microbiology, 6, 1346.",Methane oxidation,Nonmotile,Psychrotolerant,3762,3700,62,2,48,Permanent Draft,Obligate methanotrophy CSP_777358,DOE Joint Genome Institute (JGI)
Isolated,IIb,Methylocapsa_aurea_KYG,Methane,Methylocapsa aurea KYG T,Methylocapsa_aurea_KYG,3971247,0.61,"Dunfield, P. F., Belova, S. E., Vorob'ev, A. V., Cornish, S. L., & Dedysh, S. N. (2010). Methylocapsa aurea sp. nov., a facultative methanotroph possessing a particulate methane monooxygenase, and emended description of the genus Methylocapsa. International journal of systematic and evolutionary microbiology, 60(11), 2659-2664.",2574180437,Bacteria,Proteobacteria,Alphaproteobacteria,Rhizobiales,Beijerinckiaceae,Methylocapsa,Methylocapsa aurea,KYG T,2574180437,663610,Isolate,Yes,,,,,,,manual,Forest soil,Soil,"Knief, C. (2015). Diversity and habitat preferences of cultivated and uncultivated aerobic methanotrophic bacteria evaluated based on pmoA as molecular marker. Frontiers in microbiology, 6, 1346.",,,,3606,3544,62,1,48,Permanent Draft,Revising methanotrophy: a comprehensive genomic probing of the unexpected genetic and metabolic diversity of aerobic methane consuming bacteria.,DOE Joint Genome Institute (JGI)
Isolated,IIb,Methylocapsa_palsarum_NE2,Methane,Methylocapsa palsarum NE2,Methylocapsa_palsarum_NE2,4105299,0.62,"Miroshnikov, K. K., Didriksen, A., Naumoff, D. G., Huntemann, M., Clum, A., Pillay, M., ... & Reddy, T. B. K. (2017). Draft Genome Sequence of Methylocapsa palsarum NE2T, an Obligate Methanotroph from Subarctic Soil. Genome Announcements, 5(24), e00504-17.",2675903028,Bacteria,Proteobacteria,Alphaproteobacteria,Rhizobiales,Beijerinckiaceae,Methylocapsa,Methylocapsa palsarum,NE2,2675903028,1612308,Isolate,Yes,Environmental,Terrestrial,,Soil,Methanotroph,,JGI/IMG,Sphagnum from a palsa,Soil,"Knief, C. (2015). Diversity and habitat preferences of cultivated and uncultivated aerobic methanotrophic bacteria evaluated based on pmoA as molecular marker. Frontiers in microbiology, 6, 1346.",,Nonmotile,,3889,3820,69,1,47,Permanent Draft,"Genomic Encyclopedia of Type Strains, Phase III (KMG-III): the genomes of soil and plant-associated and newly described type strains",DOE Joint Genome Institute (JGI)
Isolated,IIb,Methylocella_silvestris_BL2,Methane,"Methylocella silvestris BL2, DSM 15510",Methylocella_silvestris_BL2,4305430,0.63,"Chen, Y., Crombie, A., Rahman, M. T., Dedysh, S. N., Liesack, W., Stott, M. B., ... & Dunfield, P. F. (2010). Complete genome sequence of the aerobic facultative methanotroph Methylocella silvestris BL2. Journal of bacteriology, 192(14), 3840-3841.",643348565,Bacteria,Proteobacteria,Alphaproteobacteria,Rhizobiales,Beijerinckiaceae,Methylocella,Methylocella silvestris,BL2,643348565,395965,Isolate,Yes,Environmental,Terrestrial,Unclassified,Unclassified,Methylotroph,Acidic forest cambisol near Marburg Germany,manual,Forest soil,Soil,"Knief, C. (2015). Diversity and habitat preferences of cultivated and uncultivated aerobic methanotrophic bacteria evaluated based on pmoA as molecular marker. Frontiers in microbiology, 6, 1346.",Methane oxidation,Nonmotile,Psychrotolerant,3971,3917,54,2,48,Finished,Obligate methanotrophy CSP_777358,DOE Joint Genome Institute (JGI)
Isolated,IIb,Methyloferula_stellata_AR4,Methane,Methyloferula stellata AR4,Methyloferula_stellata_AR4,4235448,0.6,"Dedysh, S. N., Naumoff, D. G., Vorobev, A. V., Kyrpides, N., Woyke, T., Shapiro, N., ... & Dunfield, P. F. (2015). Draft genome sequence of Methyloferula stellata AR4, an obligate methanotroph possessing only a soluble methane monooxygenase. Genome announcements, 3(2), e01555-14.",2516653063,Bacteria,Proteobacteria,Alphaproteobacteria,Rhizobiales,Beijerinckiaceae,Methyloferula,Methyloferula stellata,AR4,2516653063,876269,Isolate,Yes,Environmental,Aquatic,Wetlands,Freshwater,,Archangelsk region Russian Federation,JGI/IMG,acidic wetlands and soils,Soil,"Dedysh, S. N., Naumoff, D. G., Vorobev, A. V., Kyrpides, N., Woyke, T., Shapiro, N., ... & Dunfield, P. F. (2015). Draft genome sequence of Methyloferula stellata AR4, an obligate methanotroph possessing only a soluble methane monooxygenase. Genome announcements, 3(2), e01555-14.",,,,4027,3967,60,1,46,Permanent Draft,Revising methanotrophy: a comprehensive genomic probing of the unexpected genetic and metabolic diversity of aerobic methane consuming bacteria.,DOE Joint Genome Institute (JGI)
Isolated,III,Methylacidiphilum_fumariolicum_SolV,Methane,Methylacidiphilum fumariolicum SolV,Methylacidiphilum_fumariolicum_SolV,2476671,0.41,"Khadem, A. F., Wieczorek, A. S., Pol, A., Vuilleumier, S., Harhangi, H. R., Dunfield, P. F., ... & Stein, L. Y. (2012). Draft genome sequence of the volcano-inhabiting thermoacidophilic methanotroph Methylacidiphilum fumariolicum strain SolV. Journal of bacteriology, 194(14), 3729-3730.",2630968640,Bacteria,Verrucomicrobia,Methylacidiphilae,Methylacidiphilales,Methylacidiphilaceae,Methylacidiphilum,Methylacidiphilum fumariolicum,SolV,2630968640,1156937,Isolate,Yes,,,,,,,manual,Themal mud pod,Soil,"Knief, C. (2015). Diversity and habitat preferences of cultivated and uncultivated aerobic methanotrophic bacteria evaluated based on pmoA as molecular marker. Frontiers in microbiology, 6, 1346.",,,,2298,2244,54,1,47,Finished,Methylacidiphylum fumariolicum SolV,Leiden University Medical Center
Isolated,III,Methylacidiphilum_infernorum_V4,Methane,Methylacidiphilum infernorum V4,Methylacidiphilum_infernorum_V4,2287145,0.45,"Hou, S., Makarova, K. S., Saw, J. H., Senin, P., Ly, B. V., Zhou, Z., ... & Wolf, Y. I. (2008). Complete genome sequence of the extremely acidophilic methanotroph isolate V4, Methylacidiphilum infernorum, a representative of the bacterial phylum Verrucomicrobia. Biology Direct, 3(1), 26.",642555138,Bacteria,Verrucomicrobia,Methylacidiphilae,Methylacidiphilales,Methylacidiphilaceae,Methylacidiphilum,Methylacidiphilum infernorum,V4,642555138,481448,Isolate,Yes,Environmental,Terrestrial,Unclassified,Soil,"Autotroph, Methanotroph",Hell's Gate geothermal area in New Zealand,JGI/IMG,"Soil, geothermal area",Soil,"Hou, S., Makarova, K. S., Saw, J. H., Senin, P., Ly, B. V., Zhou, Z., ... & Wolf, Y. I. (2008). Complete genome sequence of the extremely acidophilic methanotroph isolate V4, Methylacidiphilum infernorum, a representative of the bacterial phylum Verrucomicrobia. Biology Direct, 3(1), 26.",,,Thermophile,2521,2472,49,1,46,Finished,Methylacidiphilum infernorum V4,University of Hawaii
Isolated,III,Methylacidiphilum_kamchatkense_Kam1,Methane,Methylacidiphilum kamchatkense Kam1,Methylacidiphilum_kamchatkense_Kam1,2210643,0.4,"Erikstad, H. A., & Birkeland, N. K. (2015). Draft genome sequence of “Candidatus Methylacidiphilum kamchatkense” Strain Kam1, a thermoacidophilic methanotrophic Verrucomicrobium. Genome announcements, 3(2), e00065-15.",2627854055,Bacteria,Verrucomicrobia,Methylacidiphilae,Methylacidiphilales,Methylacidiphilaceae,Methylacidiphilum,Methylacidiphilum kamchatkense,Kam1,2627854055,1202785,Isolate,Yes,,,,,,,manual,Hot spring,Freshwater,"Erikstad, H. A., & Birkeland, N. K. (2015). Draft genome sequence of “Candidatus Methylacidiphilum kamchatkense” strain Kam1, a thermoacidophilic methanotrophic Verrucomicrobium. Genome announcements, 3(2), e00065-15.",,,,2196,2142,54,1,46,Permanent Draft,Methylacidiphilum kamchatkense Kam1 Genome sequencing,University of Bergen
Isolated,NC10,Candidatus_Methylomirabilis_oxyfera,Methane,Candidatus Methylomirabilis oxyfera,Candidatus_Methylomirabilis_oxyfera,2752854,0.59,"Ettwig, K. F., Butler, M. K., Le Paslier, D., Pelletier, E., Mangenot, S., Kuypers, M. M., ... & Gloerich, J. (2010). Nitrite-driven anaerobic methane oxidation by oxygenic bacteria. Nature, 464(7288), 543.",2711768628,Bacteria,candidate division NC10,unclassified,unclassified,unclassified,Candidatus Methylomirabilis,Candidatus Methylomirabilis oxyfera,,2711768628,671143,,No,Environmental,Aquatic,Sediment,Freshwater,,Netherlands: Twentekanaal,JGI/IMG,River sediment,Freshwater,"Knief, C. (2015). Diversity and habitat preferences of cultivated and uncultivated aerobic methanotrophic bacteria evaluated based on pmoA as molecular marker. Frontiers in microbiology, 6, 1346.",,,,3146,3092,54,1,47,Permanent Draft,Candidatus Methylomirabilis oxyfera,CEA Genoscope
Isolated,AOB,Nitrosococcus_halophilus_Nc4,Ammonia,Nitrosococcus halophilus Nc4,Nitrosococcus_halophilus_Nc4,4145260,0.52,"Campbell, M. A., Chain, P. S., Dang, H., El Sheikh, A. F., Norton, J. M., Ward, N. L., ... & Klotz, M. G. (2011). Nitrosococcus watsonii sp. nov., a new species of marine obligate ammonia-oxidizing bacteria that is not omnipresent in the world's oceans: calls to validate the names ‘Nitrosococcus halophilus’ and ‘Nitrosomonas mobilis’. FEMS microbiology ecology, 76(1), 39-48.",646564556,Bacteria,Proteobacteria,Gammaproteobacteria,Chromatiales,Chromatiaceae,Nitrosococcus,Nitrosococcus halophilus,Nc4,646564556,472759,Isolate,Yes,Environmental,Aquatic,,Marine,"Autotroph, Chemolithotroph","Mediterranean Sea, Sardinia",JGI/IMG,Marine,Marine,JGI,"Ammonia-oxidizer, Nitrifying",Motile,Mesophile,4086,4032,54,2,45,Finished,WFO-LLNL proposal,DOE Joint Genome Institute (JGI)
Isolated,AOB,Nitrosococcus_oceani_C-107,Ammonia,Nitrosococcus oceani C-107,Nitrosococcus_oceani_C-107,3522111,0.5,"Klotz, M. G., Arp, D. J., Chain, P. S., El-Sheikh, A. F., Hauser, L. J., Hommes, N. G., ... & Vergez, L. M. (2006). Complete genome sequence of the marine, chemolithoautotrophic, ammonia-oxidizing bacterium Nitrosococcus oceani ATCC 19707. Applied and environmental microbiology, 72(9), 6299-6315.",637000194,Bacteria,Proteobacteria,Gammaproteobacteria,Chromatiales,Chromatiaceae,Nitrosococcus,Nitrosococcus oceani,C-107,637000194,323261,Isolate,Yes,Environmental,Aquatic,Oceanic,Marine,"Autotroph, Chemolithotroph",North Atlantic,JGI/IMG,"Aquatic, Marine",Marine,JGI,"Ammonia-oxidizer, Nitrifying, Denitrifying",Motile,Mesophile,3190,3132,58,2,45,Finished,Five Bacteria involved in Nitrification,DOE Joint Genome Institute (JGI)
Isolated,AOB,Nitrosococcus_watsonii_C-113,Ammonia,Nitrosococcus watsoni C-113,Nitrosococcus_watsoni_C-113,3373286,0.5,"Campbell, M. A., Chain, P. S., Dang, H., El Sheikh, A. F., Norton, J. M., Ward, N. L., ... & Klotz, M. G. (2011). Nitrosococcus watsonii sp. nov., a new species of marine obligate ammonia-oxidizing bacteria that is not omnipresent in the world's oceans: calls to validate the names ‘Nitrosococcus halophilus’ and ‘Nitrosomonas mobilis’. FEMS microbiology ecology, 76(1), 39-48.",648028046,Bacteria,Proteobacteria,Gammaproteobacteria,Chromatiales,Chromatiaceae,Nitrosococcus,Nitrosococcus watsonii,C-113,648028046,105559,Isolate,Yes,,,,,"Autotroph, Chemolithotroph","Mediterranian Sea, Port Said",JGI/IMG,Marine,Marine,JGI,"Ammonia-oxidizer, Nitrifying",Motile,Mesophile,3245,3191,54,2,45,Finished,WFO-LLNL proposal,DOE Joint Genome Institute (JGI)
Isolated,AOB,Nitrosomonas_aestuarii_Nm69,Ammonia,Nitrosomonas aestuarii Nm69,Nitrosomonas_aestuarii_Nm69,3994034,0.44,*Raman-based microcolony genomics and transcriptomics for studying microevolution and ecology of nitrifiers (Proposal ID: 1497) - Michael Wagner,2671180137,Bacteria,Proteobacteria,Betaproteobacteria,Nitrosomonadales,Nitrosomonadaceae,Nitrosomonas,Nitrosomonas aestuarii,Nm69,2671180137,52441,Isolate,Yes,,,,,,"Hamburg, Germany",manual,Sea water,Marine,"Koops, H. P., Böttcher, B., Möller, U. C., Pommerening-Röser, A., & Stehr, G. (1991). Classification of eight new species of ammonia-oxidizing bacteria: Nitrosomonas communis sp. nov., Nitrosomonas ureae sp. nov., Nitrosomonas aestuarii sp. nov., Nitrosomonas marina sp. nov., Nitrosomonas nitrosa sp. nov., Nitrosomonas eutropha sp. nov., Nitrosomonas oligotropha sp. nov. and Nitrosomonas halophila sp. nov. Microbiology, 137(7), 1689-1699.",,,,3820,3766,54,1,38,Permanent Draft,"Active sludge and wastewater microbial communities from Klosterneuburg, Austria",DOE Joint Genome Institute (JGI)
Isolated,AOB,Nitrosomonas_communis_Nm2,Ammonia,Nitrosomonas communis Nm2,Nitrosomonas_communis_Nm2,4067838,0.45,"Kozlowski, J. A., Kits, K. D., & Stein, L. Y. (2016). Genome sequence of Nitrosomonas communis strain Nm2, a mesophilic ammonia-oxidizing bacterium isolated from mediterranean soil. Genome announcements, 4(1), e01541-15.",2627854142,Bacteria,Proteobacteria,Betaproteobacteria,Nitrosomonadales,Nitrosomonadaceae,Nitrosomonas,Nitrosomonas communis,Nm2,2627854142,44574,Isolate,Yes,Environmental,Terrestrial,,Soil,,Mediterranean,manual,Mediterranean Soil,Soil,"Kozlowski, J. A., Kits, K. D., & Stein, L. Y. (2016). Genome sequence of Nitrosomonas communis strain Nm2, a mesophilic ammonia-oxidizing bacterium isolated from mediterranean soil. Genome announcements, 4(1), e01541-15.",,,,3924,3855,69,1,41,Finished,Nitrosomonas communis Nm2,University of Alberta
Isolated,AOB,Nitrosomonas_cryotolerans_ATCC_49181,Ammonia,Nitrosomonas cryotolerans ATCC 49181,Nitrosomonas_cryotolerans_ATCC_49181,2928185,0.43,"Rice, M. C., Norton, J. M., Stein, L. Y., Kozlowski, J., Bollmann, A., Klotz, M. G., ... & Clum, A. (2017). Complete Genome Sequence of Nitrosomonas cryotolerans ATCC 49181, a Phylogenetically Distinct Ammonia-Oxidizing Bacterium Isolated from Arctic Waters. Genome announcements, 5(11), e00011-17.",2588253501,Bacteria,Proteobacteria,Betaproteobacteria,Nitrosomonadales,Nitrosomonadaceae,Nitrosomonas,Nitrosomonas cryotolerans,4W30,2588253501,1131553,Isolate,Yes,Environmental,Aquatic,Unclassified,Marine,,,JGI/IMG,seawater,Marine,"Rice, M. C., Norton, J. M., Stein, L. Y., Kozlowski, J., Bollmann, A., Klotz, M. G., ... & Clum, A. (2017). Complete Genome Sequence of Nitrosomonas cryotolerans ATCC 49181, a Phylogenetically Distinct Ammonia-Oxidizing Bacterium Isolated from Arctic Waters. Genome announcements, 5(11), e00011-17.",,,,2710,2664,46,1,38,Permanent Draft,"Genome Sequencing of Nitrosomonas cryotolerans and Nitrosospira briensis, missing pieces for comparative phylogenomics of ammonia-oxidizing bacteria",DOE Joint Genome Institute (JGI)
Isolated,AOB,Nitrosomonas_cryotolerans_Nm55,Ammonia,Nitrosomonas cryotolerans Nm55,Nitrosomonas_cryotolerans_Nm55,2783395,0.43,*Raman-based microcolony genomics and transcriptomics for studying microevolution and ecology of nitrifiers (Proposal ID: 1497) - Michael Wagner,2671180136,Bacteria,Proteobacteria,Betaproteobacteria,Nitrosomonadales,Nitrosomonadaceae,Nitrosomonas,Nitrosomonas cryotolerans,Nm55,2671180136,44575,Isolate,Yes,,,,,,"Hamburg, Germany",manual,seawater,Marine,"Speksnijder, A. G., Kowalchuk, G. A., Roest, K., & Laanbroek, H. J. (1998). Recovery of a Nitrosomonas-like 16S rDNA sequence group from freshwater habitats. Systematic and applied microbiology, 21(2), 321-330.",,,,2538,2489,49,1,38,Permanent Draft,"Active sludge and wastewater microbial communities from Klosterneuburg, Austria",DOE Joint Genome Institute (JGI)
Isolated,AOB,Nitrosomonas_europaea_ATCC_19718,Ammonia,Nitrosomonas europaea ATCC 19718,Nitrosomonas_europaea_ATCC_19718,2812094,0.51,"Chain, P., Lamerdin, J., Larimer, F., Regala, W., Lao, V., Land, M., ... & Sayavedra-Soto, L. (2003). Complete genome sequence of the ammonia-oxidizing bacterium and obligate chemolithoautotroph Nitrosomonas europaea. Journal of bacteriology, 185(9), 2759-2773.",637000195,Bacteria,Proteobacteria,Betaproteobacteria,Nitrosomonadales,Nitrosomonadaceae,Nitrosomonas,Nitrosomonas europaea,ATCC 19718,637000195,228410,Isolate,Yes,,,,,Chemolithoautotroph,Adelaide,JGI/IMG,"Fresh water, Soil",Diverse,,"Carbon dioxide fixation, Nitrifying",Motile,Mesophile,2630,2572,58,1,41,Finished,Nitrosomonas europaea,DOE Joint Genome Institute (JGI)
Isolated,AOB,Nitrosomonas_eutropha_C91,Ammonia,Nitrosomonas eutropha C91,Nitrosomonas_eutropha_C91,2781824,0.49,"Stein, L. Y., Arp, D. J., Berube, P. M., Chain, P. S., Hauser, L., Jetten, M. S., ... & Shin, M. (2007). Whole_genome analysis of the ammonia_oxidizing bacterium, Nitrosomonas eutropha C91: implications for niche adaptation. Environmental microbiology, 9(12), 2993-3007.",637000196,Bacteria,Proteobacteria,Betaproteobacteria,Nitrosomonadales,Nitrosomonadaceae,Nitrosomonas,Nitrosomonas eutropha,C91,637000196,335283,Isolate,Yes,Engineered,Wastewater,Unclassified,Unclassified,"Autotroph, Chemolithotroph","Chicago, IL, USA",JGI/IMG,sewage,Synthetic,"Stein, L. Y., Arp, D. J., Berube, P. M., Chain, P. S., Hauser, L., Jetten, M. S., ... & Shin, M. (2007). Whole_genome analysis of the ammonia_oxidizing bacterium, Nitrosomonas eutropha C91: implications for niche adaptation. Environmental microbiology, 9(12), 2993-3007.","Ammonia-oxidizer, Nitrifying",Motile,Mesophile,2695,2639,56,1,41,Finished,Five Bacteria involved in Nitrification,DOE Joint Genome Institute (JGI)
Isolated,AOB,Nitrosomonas_marina_Nm71,Ammonia,Nitrosomonas marina Nm71,Nitrosomonas_marina_Nm71,3489905,0.46,*Raman-based microcolony genomics and transcriptomics for studying microevolution and ecology of nitrifiers (Proposal ID: 1497) - Michael Wagner,2671180135,Bacteria,Proteobacteria,Betaproteobacteria,Nitrosomonadales,Nitrosomonadaceae,Nitrosomonas,Nitrosomonas marina,Nm71,2671180135,917,Isolate,Yes,,,,,,"Hamburg, Germany",manual,Salt lake,Freshwater,"Koops, H. P., Böttcher, B., Möller, U. C., Pommerening-Röser, A., & Stehr, G. (1991). Classification of eight new species of ammonia-oxidizing bacteria: Nitrosomonas communis sp. nov., Nitrosomonas ureae sp. nov., Nitrosomonas aestuarii sp. nov., Nitrosomonas marina sp. nov., Nitrosomonas nitrosa sp. nov., Nitrosomonas eutropha sp. nov., Nitrosomonas oligotropha sp. nov. and Nitrosomonas halophila sp. nov. Microbiology, 137(7), 1689-1699.",,,,3219,3168,51,1,35,Permanent Draft,"Active sludge and wastewater microbial communities from Klosterneuburg, Austria",DOE Joint Genome Institute (JGI)
Isolated,AOB,Nitrosomonas_oligotropha_Nm76,Ammonia,Nitrosomonas oligotropha Nm76,Nitrosomonas_oligotropha_Nm76,3338551,0.48,*Raman-based microcolony genomics and transcriptomics for studying microevolution and ecology of nitrifiers (Proposal ID: 1497) - Michael Wagner,2671180132,Bacteria,Proteobacteria,Betaproteobacteria,Nitrosomonadales,Nitrosomonadaceae,Nitrosomonas,Nitrosomonas oligotropha,Nm76,2671180132,42354,Isolate,Yes,,,,,,"Hamburg, Germany",manual,industrial sewage,Synthetic,"Koops, H. P., Böttcher, B., Möller, U. C., Pommerening-Röser, A., & Stehr, G. (1991). Classification of eight new species of ammonia-oxidizing bacteria: Nitrosomonas communis sp. nov., Nitrosomonas ureae sp. nov., Nitrosomonas aestuarii sp. nov., Nitrosomonas marina sp. nov., Nitrosomonas nitrosa sp. nov., Nitrosomonas eutropha sp. nov., Nitrosomonas oligotropha sp. nov. and Nitrosomonas halophila sp. nov. Microbiology, 137(7), 1689-1699.",,,,3232,3180,52,1,38,Permanent Draft,"Active sludge and wastewater microbial communities from Klosterneuburg, Austria",DOE Joint Genome Institute (JGI)
Isolated,AOB,Nitrosomonas_ureae_Nm9,Ammonia,Nitrosomonas ureae Nm9,Nitrosomonas_ureae_Nm9,3337185,0.44,*Raman-based microcolony genomics and transcriptomics for studying microevolution and ecology of nitrifiers (Proposal ID: 1497) - Michael Wagner,2675903039,Bacteria,Proteobacteria,Betaproteobacteria,Nitrosomonadales,Nitrosomonadaceae,Nitrosomonas,Nitrosomonas ureae,Nm9,2675903039,44577,Isolate,Yes,,,,,,"Hamburg, Germany",manual,Soil,Soil,"Koops, H. P., Böttcher, B., Möller, U. C., Pommerening-Röser, A., & Stehr, G. (1991). Classification of eight new species of ammonia-oxidizing bacteria: Nitrosomonas communis sp. nov., Nitrosomonas ureae sp. nov., Nitrosomonas aestuarii sp. nov., Nitrosomonas marina sp. nov., Nitrosomonas nitrosa sp. nov., Nitrosomonas eutropha sp. nov., Nitrosomonas oligotropha sp. nov. and Nitrosomonas halophila sp. nov. Microbiology, 137(7), 1689-1699.",,,,3216,3160,56,1,38,Permanent Draft,"Active sludge and wastewater microbial communities from Klosterneuburg, Austria",DOE Joint Genome Institute (JGI)
Isolated,AOB,Nitrosomonas_ureae_Nm10,Ammonia,Nitrosomonas ureae Nm10,Nitrosomonas_ureae_Nm10,3238349,0.44,"Kozlowski, J. A., Kits, K. D., & Stein, L. Y. (2016). Complete genome sequence of Nitrosomonas ureae strain Nm10, an Oligotrophic Group 6a Nitrosomonad. Genome announcements, 4(2), e00094-16.",2671180029,Bacteria,Proteobacteria,Betaproteobacteria,Nitrosomonadales,Nitrosomonadaceae,Nitrosomonas,Nitrosomonas ureae,Nm10,2671180029,44577,Isolate,Yes,Environmental,Terrestrial,,Soil,,"Sardinia, Italy",manual,Soil,Soil,"Koops, H. P., Böttcher, B., Möller, U. C., Pommerening-Röser, A., & Stehr, G. (1991). Classification of eight new species of ammonia-oxidizing bacteria: Nitrosomonas communis sp. nov., Nitrosomonas ureae sp. nov., Nitrosomonas aestuarii sp. nov., Nitrosomonas marina sp. nov., Nitrosomonas nitrosa sp. nov., Nitrosomonas eutropha sp. nov., Nitrosomonas oligotropha sp. nov. and Nitrosomonas halophila sp. nov. Microbiology, 137(7), 1689-1699.",,,,3137,3079,58,1,40,Permanent Draft,"Active sludge and wastewater microbial communities from Klosterneuburg, Austria",DOE Joint Genome Institute (JGI)
Isolated,AOB,Nitrosospira_briensis_C-128,Ammonia,Nitrosospira briensis C-128,Nitrosospira_briensis_C-128,3210113,0.53,"Rice, M. C., Norton, J. M., Valois, F., Bollmann, A., Bottomley, P. J., Klotz, M. G., ... & Woyke, T. (2016). Complete genome of Nitrosospira briensis C-128, an ammonia-oxidizing bacterium from agricultural soil. Standards in genomic sciences, 11(1), 46.",2585428181,Bacteria,Proteobacteria,Betaproteobacteria,Nitrosomonadales,Nitrosomonadaceae,Nitrosospira,Nitrosospira briensis,C-128,2585428181,1266925,Isolate,Yes,Environmental,Terrestrial,,Soil,"Autotroph, Lithotroph","Falmouth, MA",JGI/IMG,agricultural soil,Soil,"Rice, M. C., Norton, J. M., Valois, F., Bollmann, A., Bottomley, P. J., Klotz, M. G., ... & Woyke, T. (2016). Complete genome of Nitrosospira briensis C-128, an ammonia-oxidizing bacterium from agricultural soil. Standards in genomic sciences, 11(1), 46.","Ammonia-oxidizer, Nitrifying",Motile,,3073,3018,55,1,44,Finished,"Genome Sequencing of Nitrosomonas cryotolerans and Nitrosospira briensis, missing pieces for comparative phylogenomics of ammonia-oxidizing bacteria",DOE Joint Genome Institute (JGI)
Isolated,AOB,Nitrosospira_briensis_Nsp8,Ammonia,Nitrosospira briensis Nsp8,Nitrosospira_briensis_Nsp8,3233677,0.54,*Raman-based microcolony genomics and transcriptomics for studying microevolution and ecology of nitrifiers (Proposal ID: 1497) - Michael Wagner,2675903144,Bacteria,Proteobacteria,Betaproteobacteria,Nitrosomonadales,Nitrosomonadaceae,Nitrosospira,Nitrosospira briensis,Nsp8,2675903144,35799,Isolate,Yes,,,,,,"Hamburg, Germany",manual,NA,NA,NA,,,,3035,2981,54,1,43,Permanent Draft,"Active sludge and wastewater microbial communities from Klosterneuburg, Austria",DOE Joint Genome Institute (JGI)
Isolated,AOB,Nitrosospira_lacus_APG3,Ammonia,Nitrosospira lacus APG3,Nitrosospira_lacus_APG3,3107181,0.54,"Urakawa, H., Garcia, J. C., Nielsen, J. L., Le, V. Q., Kozlowski, J. A., Stein, L. Y., ... & Klotz, M. G. (2015). Nitrosospira lacus sp. nov., a psychrotolerant, ammonia-oxidizing bacterium from sandy lake sediment. International journal of systematic and evolutionary microbiology, 65(1), 242-250.",2636415522,Bacteria,Proteobacteria,Betaproteobacteria,Nitrosomonadales,Nitrosomonadaceae,Nitrosospira,Nitrosospira lacus,APG3,2636415522,1288494,Isolate,Yes,,,,,,,manual,sandy lake sediment,Freshwater,"Urakawa, H., Garcia, J. C., Nielsen, J. L., Le, V. Q., Kozlowski, J. A., Stein, L. Y., ... & Klotz, M. G. (2015). Nitrosospira lacus sp. nov., a psychrotolerant, ammonia-oxidizing bacterium from sandy lake sediment. International journal of systematic and evolutionary microbiology, 65(1), 242-250.",,,,2965,2914,51,1,39,Permanent Draft,"Genome sequence of Nitrosospira lacus, a psychrotolerant ammonia-oxidizing bacterium from sandy lake sediment",Aalborg University
Isolated,AOB,Nitrosospira_multiformis_ATCC_25196,Ammonia,Nitrosospira multiformis ATCC 25196,Nitrosospira_multiformis_ATCC_25196,3234309,0.54,"Norton, J. M., Klotz, M. G., Stein, L. Y., Arp, D. J., Bottomley, P. J., Chain, P. S., ... & Starkenburg, S. R. (2008). Complete genome sequence of Nitrosospira multiformis, an ammonia-oxidizing bacterium from the soil environment. Applied and environmental microbiology, 74(11), 3559-3572.",637000197,Bacteria,Proteobacteria,Betaproteobacteria,Nitrosomonadales,Nitrosomonadaceae,Nitrosospira,Nitrosospira multiformis,ATCC 25196,637000197,323848,Isolate,Yes,Environmental,Terrestrial,Unclassified,Soil,"Autotroph, Lithotroph",Paramaribo,JGI/IMG,"Soil, Terrestrial",Soil,"Norton, J. M., Klotz, M. G., Stein, L. Y., Arp, D. J., Bottomley, P. J., Chain, P. S., ... & Starkenburg, S. R. (2008). Complete genome sequence of Nitrosospira multiformis, an ammonia-oxidizing bacterium from the soil environment. Applied and environmental microbiology, 74(11), 3559-3572.","Ammonia-oxidizer, Nitrifying",Motile,Mesophile,2885,2827,58,1,43,Finished,Five Bacteria involved in Nitrification,DOE Joint Genome Institute (JGI)
Isolated,AOB,Nitrospira_inopinata_ENR4,Ammonia,Nitrospira inopinata ENR4,Nitrospira_inopinata_ENR4,3295117,0.59,"Daims, H., Lebedeva, E. V., Pjevac, P., Han, P., Herbold, C., Albertsen, M., ... & Kirkegaard, R. H. (2015). Complete nitrification by Nitrospira bacteria. Nature, 528(7583), 504.",2684623072,Bacteria,Nitrospirae,Nitrospira,Nitrospirales,Nitrospiraceae,Nitrospira,Candidatus Nitrospira inopinata,ENR4,2684623072,1715989,Isolate,Yes,,,,,,,manual,oil exploration well ,Synthetic,"Daims, H., Lebedeva, E. V., Pjevac, P., Han, P., Herbold, C., Albertsen, M., ... & Kirkegaard, R. H. (2015). Complete nitrification by Nitrospira bacteria. Nature, 528(7583), 504.",,,,3202,3148,54,1,47,Finished,Comammox genome sequencing project,"Department of Microbiology and Ecosystem Science, University of Vienna"
Metagenome,Ia,LAKE_WA.004,Methane,,,,,This study,,Bacteria,,,,,,,,,,,,,,,,,,manual,Lake Washington,Freshwater,,,,,,,,,,,,
Metagenome,NC10,SERPENTINITE_SPRINGS_overlap.018,Methane,,,,,This study,,Bacteria,,,,,,,,,,,,,,,,,,manual,ultrabasic serpentinite springs,Freshwater,"Brazelton, W. J., Thornton, C. N., Hyer, A., Twing, K. I., Longino, A. A., Lang, S. Q., ... & Schrenk, M. O. (2017). Metagenomic identification of active methanogens and methanotrophs in serpentinite springs of the Voltri Massif, Italy. PeerJ, 5, e2945.",,,,,,,,,,,
Metagenome,Ia,SERPENTINITE_SPRINGS_overlap.027,Methane,,,,,This study,,Bacteria,,,,,,,,,,,,,,,,,,manual,ultrabasic serpentinite springs,Freshwater,"Brazelton, W. J., Thornton, C. N., Hyer, A., Twing, K. I., Longino, A. A., Lang, S. Q., ... & Schrenk, M. O. (2017). Metagenomic identification of active methanogens and methanotrophs in serpentinite springs of the Voltri Massif, Italy. PeerJ, 5, e2945.",,,,,,,,,,,
Metagenome,Ia,SERPENTINITE_SPRINGS_overlap.065,Methane,,,,,This study,,Bacteria,,,,,,,,,,,,,,,,,,manual,ultrabasic serpentinite springs,Freshwater,"Brazelton, W. J., Thornton, C. N., Hyer, A., Twing, K. I., Longino, A. A., Lang, S. Q., ... & Schrenk, M. O. (2017). Metagenomic identification of active methanogens and methanotrophs in serpentinite springs of the Voltri Massif, Italy. PeerJ, 5, e2945.",,,,,,,,,,,
Metagenome,Ic,MOVILE_CAVE.005,Methane,,,,,This study,,Bacteria,,,,,,,,,,,,,,,,,,manual,cave microbial mat and sediment,Soil/Freshwater,"Kumaresan, D., Stephenson, J., Doxey, A. C., Bandukwala, H., Brooks, E., Hillebrand-Voiculescu, A., ... & Murrell, J. C. (2018). Aerobic proteobacterial methylotrophs in Movile Cave: genomic and metagenomic analyses. Microbiome, 6(1), 1.",,,,,,,,,,,
Metagenome,III,OPHIOLITE.069,Methane,,,,,This study,,Bacteria,,,,,,,,,,,,,,,,,,manual,Hyperalkaline springs Pacific coast,Soil/Freshwater,"Crespo-Medina, M., Twing, K. I., Sánchez-Murillo, R., Brazelton, W. J., McCollom, T. M., & Schrenk, M. O. (2017). Methane Dynamics in a Tropical Serpentinizing Environment: The Santa Elena Ophiolite, Costa Rica. Frontiers in microbiology, 8, 916.",,,,,,,,,,,
Metagenome,Ia,Golfo_Dulce_Bin010_OPU3,Methane,,,,,This study,,Bacteria,,,,,,,,,,,,,,,,,,manual,coastal oxygen minimum zone,Marine,"Padilla, C. C., Bertagnolli, A. D., Bristow, L. A., Sarode, N., Glass, J. B., Thamdrup, B., & Stewart, F. J. (2017). Metagenomic binning recovers a transcriptionally active Gammaproteobacterium linking methanotrophy to partial denitrification in an anoxic oxygen minimum zone. Frontiers in Marine Science, 4, 23.",,,,,,,,,,,
Metagenome,Ia,LAKE_WA2_Methylobacte_98r,Methane,,,,,This study,,Bacteria,,,,,,,,,,,,,,,,,,manual,Lake Washington,Freshwater,,,,,,,,,,,,
Metagenome,Ia,LAKE_WA2_Methylobacter_69,Methane,,,,,This study,,Bacteria,,,,,,,,,,,,,,,,,,manual,Lake Washington,Freshwater,,,,,,,,,,,,
Metagenome,Ia,LAKE_WA2_Methylobacter_123,Methane,,,,,This study,,Bacteria,,,,,,,,,,,,,,,,,,manual,Lake Washington,Freshwater,,,,,,,,,,,,
Metagenome,Ia,LAKE_WA2_Methylobacter_tundripaludum_129,Methane,,,,,This study,,Bacteria,,,,,,,,,,,,,,,,,,manual,Lake Washington,Freshwater,,,,,,,,,,,,
Metagenome,Ia,LAKE_WA2_Methylococcaceae_21,Methane,,,,,This study,,Bacteria,,,,,,,,,,,,,,,,,,manual,Lake Washington,Freshwater,,,,,,,,,,,,
Metagenome,Ia,LAKE_WA2_Methylococcaceae_55,Methane,,,,,This study,,Bacteria,,,,,,,,,,,,,,,,,,manual,Lake Washington,Freshwater,,,,,,,,,,,,
Metagenome,Ia,LAKE_WA2_Methylosarcina_21,Methane,,,,,This study,,Bacteria,,,,,,,,,,,,,,,,,,manual,Lake Washington,Freshwater,,,,,,,,,,,,
Metagenome,Ia,LAKE_WA2_Methylosarcina_lacus_69,Methane,,,,,This study,,Bacteria,,,,,,,,,,,,,,,,,,manual,Lake Washington,Freshwater,,,,,,,,,,,,
Metagenome,Ic,LAKE_WA2_Methylotenera_mobilis_63,Methane,,,,,This study,,Bacteria,,,,,,,,,,,,,,,,,,manual,Lake Washington,Freshwater,,,,,,,,,,,,
Metagenome,Ia,LAKE_WA2_Methylovulum_miyakonense_55,Methane,,,,,This study,,Bacteria,,,,,,,,,,,,,,,,,,manual,Lake Washington,Freshwater,,,,,,,,,,,,